iter	Logloss
0	0.4380191656
1	0.288586103
