iter	Logloss
0	0.4434072266
1	0.2921660156
