iter	Logloss
0	0.4349902593
1	0.281586647
