iter	Logloss
0	0.4357280273
1	0.2847377319
